ds,y,Open,High,Low,Volume,Chg%
2014-01-01,29542,29435,29598,29340,2930,0.25
2014-01-04,28116,28432,28507,28058,8840,-1.24
2014-01-05,30380,31033,31743,29914,2850,-2.04
2014-01-07,27975,28210,28277,27950,4410,-0.36
2014-01-08,28037,27810,28124,27761,3300,0.9
2014-01-09,27679,27747,27774,27651,4160,-0.41
2014-01-10,26790,26695,26840,26552,3920,-0.06
2014-01-12,26546,25803,26627,25123,5730,2.68
2014-02-01,29975,29678,30050,29678,3140,1.47
2014-02-04,28404,28035,28470,27361,480,1.02
2014-02-05,30182,30388,30440,30080,930,-0.65
2014-02-06,26626,27012,27130,26520,2920,-1.93
2014-02-07,27788,27950,28225,27750,2880,-0.67
2014-02-09,27340,27610,27676,27318,4010,-1.22
2014-02-12,26224,26438,27050,26087,1150,-1.21
2014-03-01,29727,30031,30125,29539,3050,-0.83
2014-03-02,29789,29502,29850,29402,11760,1.04
2014-03-03,32051,30700,32279,30700,5670,4.63
2014-03-04,28460,28500,28699,28365,110,0.2
2014-03-06,26732,26756,26874,26592,450,0.4
2014-03-07,27802,27552,27900,27552,1200,0.05
2014-03-09,27355,27362,27420,27186,1120,0.05
2014-03-10,26439,26931,26931,26377,11020,-1.31
2014-03-11,25868,25877,25947,25750,3750,-0.22
2014-03-12,26496,26309,26699,26236,90,1.04
2014-04-01,29279,29279,29279,29279,0,-1.51
2014-04-02,29534,29722,29821,29520,3160,-0.86
2014-04-03,31126,31500,32379,31090,1310,-2.89
2014-04-04,28519,28400,28885,28400,190,0.21
2014-04-06,26708,26582,26910,26582,130,-0.09
2014-04-07,27913,27884,27975,27755,260,0.4
2014-04-08,27952,28023,28118,27900,1020,-0.3
2014-04-09,27282,27418,27427,27262,270,-0.27
2014-04-11,25810,25930,25965,25725,220,-0.22
2014-04-12,26488,26299,26850,26299,60,-0.03
2014-05-02,29719,29515,30100,29515,4490,0.63
2014-05-03,32351,31200,32500,30770,1490,3.94
2014-05-04,28549,28549,28549,28549,0,0.11
2014-05-05,29967,30211,30347,29834,1040,-0.71
2014-05-06,26771,26800,26860,26605,70,0.24
2014-05-08,28392,27959,28790,27724,220,1.57
2014-05-09,27225,27250,27360,27068,340,-0.21
2014-05-10,26424,26424,26424,26424,0,-0.06
2014-05-11,25348,25578,26340,25201,980,-1.79
2014-05-12,26279,26698,26698,25801,170,-0.79
2014-06-01,29119,29300,29395,29051,24380,-0.55
2014-06-02,29231,29273,29448,29211,18560,-1.64
2014-06-03,30416,30350,30446,30105,21500,-5.98
2014-06-05,29109,29187,29231,29081,9330,-2.86
2014-06-06,26400,26548,26600,26350,11550,-1.39
2014-06-08,28559,28130,28640,28088,19080,0.59
2014-06-10,26637,26476,26667,26352,6970,0.81
2014-06-11,25467,25448,25568,25411,8380,0.47
2014-07-01,28959,29130,29195,28912,18710,-0.55
2014-07-02,29310,29259,29440,29259,14620,0.27
2014-07-03,30307,30361,30514,30130,19380,-0.36
2014-07-04,28574,28599,28643,28481,10450,0.09
2014-07-05,28747,29164,29275,28725,15480,-1.24
2014-07-07,27564,27611,27611,27455,11210,-1.25
2014-07-08,28695,28559,28750,28460,14960,0.48
2014-07-10,26673,26581,26710,26566,14870,0.14
2014-07-11,25926,25475,25970,25172,30780,1.8
2014-08-01,28934,28916,29029,28820,18140,-0.09
2014-08-04,28754,28639,28842,28639,5740,0.63
2014-08-05,28734,28787,28846,28665,9560,-0.05
2014-08-07,27594,27582,27725,27460,15210,0.11
2014-08-08,28515,28730,29010,28500,21260,-0.63
2014-08-09,27207,27448,27497,27116,13170,-0.07
2014-08-10,26633,26698,26885,26620,15810,-0.15
2014-08-12,26228,26277,26350,26164,10300,-0.19
2014-09-01,28997,28990,29053,28865,15130,0.22
2014-09-04,28710,28754,28856,28653,12120,-0.15
2014-09-05,28741,28677,28877,28673,10090,0.02
2014-09-06,26545,26400,26570,26278,8470,0.55
2014-09-07,27667,27620,27771,27612,11340,0.26
2014-09-09,27272,27237,27395,27159,15560,0.24
2014-09-10,26847,26696,26938,26696,16430,0.8
2014-09-12,27023,26322,27168,26321,25020,3.03
2014-10-01,29169,29030,29198,28960,15810,0.59
2014-10-02,29471,29349,29549,29349,11910,0.55
2014-10-03,30327,30253,30350,30145,13500,0.07
2014-10-04,29094,28757,29119,28757,13700,1.34
2014-10-06,26712,26585,26738,26475,11670,0.63
2014-10-07,28565,27650,28649,27560,40700,3.25
2014-10-08,28510,28510,28510,28510,0,-0.02
2014-10-09,27194,27350,27441,27152,13410,-0.29
2014-10-10,26855,26813,26940,26750,15640,0.03
2014-10-11,25719,25949,26070,25670,15440,-0.8
2014-10-12,27054,27000,27220,26910,18250,0.11
2014-11-02,29670,29500,29700,29500,14740,0.68
2014-11-03,30421,30301,30515,30166,23170,0.31
2014-11-04,29085,29090,29162,28973,10530,-0.03
2014-11-06,26736,26720,26780,26527,13560,0.09
2014-11-07,28441,28517,28579,28302,15110,-0.43
2014-11-08,28554,28480,28600,28445,8670,0.15
2014-11-09,26996,27207,27246,26970,18440,-0.73
2014-11-11,25793,25632,25861,25434,19180,0.29
2014-11-12,27142,27096,27240,26860,18570,0.33
2014-12-02,29698,29650,29724,29580,10770,0.09
2014-12-03,30627,30468,30690,30468,19020,0.68
2014-12-05,28860,28732,29025,28575,14220,0.41
2014-12-06,27014,26740,27050,26640,14160,1.04
2014-12-07,28413,28413,28413,28413,0,-0.1
2014-12-08,28641,28520,28780,28474,12990,0.3
2014-12-09,26909,26958,26995,26801,16070,-0.32
2014-12-11,25794,25798,25940,25735,17110,0.0
2014-12-12,27088,27168,27188,26910,19320,-0.2
2015-01-01,26586,26610,26647,26539,1820,-0.03
2015-01-04,26510,26122,26800,26060,1600,1.72
2015-01-05,26483,26572,26572,26300,2020,-0.41
2015-01-06,26690,26926,27014,26133,4370,-0.66
2015-01-07,26182,26275,26380,26160,1790,-0.45
2015-01-09,26623,26636,26847,26530,2330,0.31
2015-01-10,25782,25780,25863,25680,6120,-0.08
2015-01-12,25018,25189,25250,24975,3710,-0.38
2015-02-01,26700,26585,26740,26285,1990,0.43
2015-02-02,28071,28120,28197,27743,2230,0.57
2015-02-03,26541,26508,26997,26440,5080,0.23
2015-02-04,26548,26601,26697,26460,7800,0.14
2015-02-06,26856,26743,26929,26730,820,0.62
2015-02-07,26024,26164,26246,25985,470,-0.6
2015-02-09,26417,26594,26639,26200,630,-0.77
2015-02-11,26228,26450,26450,26181,3900,-0.48
2015-02-12,24895,25169,25190,24860,240,-0.49
2015-03-02,27687,28071,28079,27600,540,-1.37
2015-03-03,26453,26527,26601,26400,1050,-0.33
2015-03-06,26806,26908,27000,26775,180,-0.19
2015-03-07,26393,26010,26800,26005,270,1.42
2015-03-08,24696,24823,24886,24666,2830,-0.38
2015-03-09,26196,26432,26474,26130,250,-0.84
2015-03-11,25863,26240,26310,25833,1250,-1.39
2015-03-12,25043,24890,25149,24803,40,0.59
2015-04-02,27814,27660,27835,27578,170,0.46
2015-04-03,26539,26500,26600,26401,3300,0.33
2015-04-05,26747,26580,27114,26580,390,1.0
2015-04-06,26564,26840,26869,26454,40,-0.9
2015-04-08,24638,24670,24704,24540,290,-0.23
2015-04-09,26256,26325,26490,26001,250,0.23
2015-04-11,25646,25950,25993,25126,1190,-0.84
2015-04-12,25631,25110,25750,25066,90,2.35
2015-05-01,26847,26800,26911,26650,570,0.55
2015-05-02,27683,27785,27900,27461,110,-0.47
2015-05-03,26473,26510,26599,26418,220,-0.25
2015-05-05,26852,26734,27060,26640,190,0.39
2015-05-06,26439,26599,26613,26371,260,-0.47
2015-05-08,24545,24614,24635,24500,100,-0.38
2015-05-10,26094,26159,26263,25960,1350,1.21
2015-05-11,25791,25661,25917,25661,270,0.57
2015-06-01,27385,27095,27442,27094,26640,2.0
2015-06-02,26968,27498,27598,26912,22240,-2.58
2015-06-03,26058,26485,26530,26025,15680,-1.57
2015-06-04,26941,26625,27038,26625,13580,1.48
2015-06-05,26928,26950,27070,26835,14940,0.28
2015-06-07,26335,26393,26397,26205,11600,-0.22
2015-06-08,24692,24583,24745,24530,10620,0.6
2015-06-10,26512,26300,26621,26272,16740,1.6
2015-06-11,25538,25834,25918,25485,17490,-0.98
2015-07-01,27159,27328,27350,27110,19660,-0.83
2015-07-04,26829,26925,26928,26801,8930,-0.42
2015-07-05,26951,26904,27050,26862,15860,0.09
2015-07-07,26032,26271,26288,25886,19000,-1.15
2015-07-08,24796,24682,24872,24615,19130,0.42
2015-07-09,26506,26595,26620,26465,9330,0.95
2015-07-10,26449,26555,26675,26320,18410,-0.24
2015-07-12,25443,25589,25620,25410,9900,-0.73
2015-08-01,26808,27150,27150,26770,21730,-1.29
2015-08-04,26682,26842,26873,26615,11850,-0.55
2015-08-05,26903,26960,27019,26825,16350,-0.18
2015-08-06,26693,26691,26749,26621,8060,0.96
2015-08-07,26222,26011,26250,25870,17350,0.73
2015-08-09,26436,26500,26567,26391,14030,-0.26
2015-08-10,26351,26400,26499,26240,15300,-0.37
2015-08-12,25424,25406,25515,25275,11440,-0.07
2015-09-01,26806,26751,26877,26680,19710,-0.01
2015-09-02,27119,27011,27172,26996,13600,0.56
2015-09-03,26062,26096,26177,26041,12550,0.02
2015-09-04,26452,26612,26612,26410,12460,-0.86
2015-09-06,26754,26715,26817,26665,11230,0.23
2015-09-07,26071,26130,26250,26050,14660,-0.58
2015-09-09,26069,26450,26486,26010,16520,-1.39
2015-09-10,26515,26311,26595,26263,16340,0.62
2015-09-11,25699,25619,25780,25619,13210,0.63
2015-09-12,25499,25470,25637,25333,15120,0.29
2015-10-02,27016,27180,27180,26984,13530,-0.38
2015-10-03,25960,26050,26100,25825,21180,-0.39
2015-10-04,26703,26482,26750,26452,13550,0.95
2015-10-06,26850,26750,26958,26730,10570,0.36
2015-10-07,26071,26080,26175,26030,12140,0.0
2015-10-08,25026,24800,25096,24774,14670,0.93
2015-10-09,26179,26150,26299,26062,16920,0.42
2015-10-11,25604,25710,25750,25510,11940,-0.37
2015-10-12,25328,25455,25455,25303,10140,-0.67
2015-11-02,26817,27050,27050,26770,16680,-0.74
2015-11-03,25716,25979,25996,25691,17900,-0.94
2015-11-05,26853,26898,26969,26786,14010,-0.19
2015-11-06,26772,26864,26864,26681,9480,-0.29
2015-11-08,25323,25045,25430,25002,20870,1.19
2015-11-09,25981,26190,26209,25918,15490,-0.76
2015-11-11,25490,25523,25548,25477,2700,-0.45
2015-11-12,25581,25300,25610,25162,18050,1.0
2015-12-01,27032,26865,27119,26839,21930,0.84
2015-12-02,26635,26756,26920,26620,15850,-0.68
2015-12-03,25690,25750,25890,25609,21260,-0.1
2015-12-05,27180,26899,27225,26892,17500,1.22
2015-12-06,26773,26770,26860,26725,9190,0.0
2015-12-08,25898,25400,25923,25400,23190,2.27
2015-12-10,26678,26626,26820,26527,16370,0.61
2015-12-11,25341,25480,25555,25223,9560,-0.58
2016-01-01,24943,24976,25071,24900,2120,-0.04
2016-01-02,26973,26755,27049,26645,3570,0.99
2016-01-03,29097,29600,29754,29080,3940,-1.16
2016-01-04,28056,28410,28530,27955,5970,-1.35
2016-01-06,28626,28531,28800,28500,2600,0.06
2016-01-07,31077,31096,31220,31010,4140,0.73
2016-01-08,31011,31000,31118,30950,5270,-0.28
2016-01-09,30710,30757,30822,30611,1250,-0.12
2016-01-11,30329,30073,30385,30062,2260,0.9
2016-01-12,28062,28450,28450,27951,2100,-1.29
2016-02-02,27008,27782,27782,26861,1050,0.13
2016-02-03,29219,29009,29240,28960,1000,0.42
2016-02-05,30213,30177,30342,30120,2920,0.25
2016-02-06,28554,28616,28715,28530,350,-0.25
2016-02-08,31282,31000,31322,30993,1240,0.87
2016-02-09,30900,30800,30971,30610,280,0.62
2016-02-11,30759,30489,30804,30425,870,1.42
2016-02-12,28445,28310,28450,28300,820,1.36
2016-03-02,27285,27134,27325,26976,440,1.03
2016-03-03,29381,29209,29525,29120,990,0.55
2016-03-05,30154,30175,30337,30050,630,-0.2
2016-03-06,29216,28703,29410,28540,330,2.32
2016-03-08,31199,31302,31439,31158,350,-0.27
2016-03-10,30749,30841,31000,30695,1890,-0.21
2016-03-11,30674,30663,30700,30300,330,-0.28
2016-04-01,25423,25234,25505,25030,750,1.92
2016-04-02,27656,27235,27800,27207,110,1.36
2016-04-03,29519,29684,29983,29233,330,0.47
2016-04-04,28086,28096,28187,28032,660,0.11
2016-04-05,29934,30145,30200,29920,170,-0.73
2016-04-07,31396,31390,31484,31267,4730,1.03
2016-04-08,31317,31105,31360,31072,60,0.38
2016-04-10,30068,30705,30872,30030,230,-2.21
2016-04-11,30689,30566,30770,30550,150,0.05
2016-05-01,25430,25360,25486,25360,170,0.03
2016-05-02,27568,27770,28113,26850,190,-0.32
2016-05-04,28562,28224,28699,28190,260,1.69
2016-05-05,29868,29912,30135,29832,110,-0.22
2016-05-07,30841,31306,31570,30500,640,-1.77
2016-05-08,30779,31310,31380,30738,430,-1.72
2016-05-09,31025,31000,31060,30960,2480,0.4
2016-05-10,30004,30215,30350,29925,70,-0.21
2016-05-12,28236,28435,28530,27950,460,-0.73
2016-06-01,25756,25440,25789,25421,24140,1.28
2016-06-04,28571,28700,28749,28510,17370,0.03
2016-06-05,30366,29950,30400,29950,33820,1.67
2016-06-06,29329,29287,29376,29220,12970,0.39
2016-06-07,32018,31948,32350,31948,12410,3.82
2016-06-09,31401,31055,31431,30968,14610,1.21
2016-06-10,29615,29861,29982,29582,14160,-1.3
2016-06-12,27944,28151,28192,27911,8660,-1.03
2016-07-01,26106,25800,26130,25780,25320,1.36
2016-07-03,29597,29875,29960,29556,14020,0.26
2016-07-04,28972,28639,29030,28618,27690,1.4
2016-07-06,29239,29243,29325,29062,13480,-0.31
2016-07-07,31817,32011,32090,31653,23880,-0.63
2016-07-09,31336,31444,31482,31280,12680,-0.21
2016-07-10,29591,29700,29898,29355,19550,-0.08
2016-07-11,30118,30515,30515,30070,13030,-1.86
2016-07-12,28043,27944,28134,27924,9900,0.35
2016-08-01,25989,26035,26095,25785,23700,-0.45
2016-08-02,28367,27496,28429,27496,29380,2.9
2016-08-03,29819,29760,30147,29760,38490,0.75
2016-08-04,29047,29000,29074,28765,22560,0.26
2016-08-06,29491,29275,29572,29275,15920,0.86
2016-08-07,31657,31832,31833,31284,25970,-0.5
2016-08-08,30998,31031,31031,30863,11130,0.71
2016-08-09,31239,31313,31410,31188,12940,-0.31
2016-08-11,29899,30149,30400,29766,19270,-0.73
2016-08-12,27896,28022,28063,27875,8560,-0.52
2016-09-02,28325,28345,28423,28078,24630,-0.15
2016-09-03,29597,29750,29750,29317,34880,-0.74
2016-09-05,29805,30312,30312,29750,29600,-1.85
2016-09-06,29757,29521,29777,29452,18020,0.9
2016-09-08,31133,30942,31165,30891,12600,0.44
2016-09-09,31261,31256,31335,31166,11470,0.07
2016-09-11,29961,30191,31407,29900,42740,0.21
2016-09-12,27701,27845,27885,27671,8950,-0.7
2016-10-02,28211,28238,28250,27935,20530,-0.4
2016-10-03,29928,29500,29950,29088,52190,1.12
2016-10-05,29785,29851,29862,29622,19510,-0.07
2016-10-06,29851,29760,29900,29624,15500,0.32
2016-10-08,31219,31180,31385,31120,14450,0.28
2016-10-10,29662,29700,29900,29634,10710,0.24
2016-10-11,29986,30000,30243,29868,15670,0.08
2016-11-01,25877,26075,26110,25831,19910,-0.43
2016-11-02,29706,28250,30000,28250,46400,5.3
2016-11-03,29504,29905,29920,29470,36900,-1.42
2016-11-04,29254,29099,29315,29063,21300,0.71
2016-11-05,29933,29825,30072,29825,23180,0.5
2016-11-07,31524,31750,31888,31482,15150,-0.42
2016-11-08,31171,31160,31316,31082,14960,-0.15
2016-11-10,29712,29611,29776,29611,3930,0.17
2016-11-11,29461,29881,30022,29333,17730,-1.75
2016-12-01,25689,25876,25966,25630,20160,-0.73
2016-12-02,29287,29517,29722,29251,24730,-1.41
2016-12-04,29250,29190,29395,29152,21900,-0.01
2016-12-05,29904,29933,30085,29765,25800,-0.1
2016-12-07,31001,31561,31577,30951,22100,-1.66
2016-12-08,31080,31100,31400,30990,19750,-0.29
2016-12-09,31087,31332,31332,31041,14030,-0.56
2016-12-10,29662,29680,29742,29579,4850,-0.17
2016-12-12,27843,27670,27927,27551,8950,0.51
2017-01-02,28981,29155,29463,28811,4270,-0.65
2017-01-03,29529,29455,29595,29118,2230,-0.21
2017-01-05,28654,28834,28868,28600,1640,-0.76
2017-01-06,28749,28877,28877,28712,1770,-0.54
2017-01-08,28514,28623,28623,28447,2230,-0.26
2017-01-09,29788,29687,29941,29671,1150,0.11
2017-01-11,29120,29048,29260,28991,2160,0.28
2017-01-12,29217,29045,29344,29038,2160,0.78
2017-02-01,27828,27673,27860,27670,1430,0.46
2017-02-02,29064,29150,29175,28950,380,0.29
2017-02-03,29204,29499,29500,29161,430,-1.1
2017-02-05,28571,28664,28680,28530,490,-0.29
2017-02-06,28949,28685,29011,28680,310,0.7
2017-02-08,28486,28451,28586,28373,580,-0.1
2017-02-11,29242,29301,29318,29168,340,0.42
2017-03-01,28102,27860,28134,27770,960,0.98
2017-03-02,29166,29030,29494,28900,240,0.35
2017-03-03,29442,29300,30079,29051,210,0.81
2017-03-04,28720,28607,28790,28580,1450,0.38
2017-03-05,28571,28630,28640,28459,90,0.0
2017-03-07,27952,28300,28300,27925,3240,-1.21
2017-03-08,28447,28400,28500,28299,480,-0.14
2017-03-10,29400,29420,29456,29352,1530,-0.5
2017-03-11,29191,29230,29456,29002,50,-0.17
2017-04-01,28085,28080,28158,27987,720,-0.06
2017-04-04,28960,28975,29064,28878,90,0.84
2017-04-05,28060,28400,28482,28025,80,-1.79
2017-04-07,28043,27956,28169,27956,1260,0.33
2017-04-08,28373,28525,28585,28355,70,-0.26
2017-04-09,30174,30187,30250,29800,270,1.3
2017-04-10,29331,29479,29513,29258,230,-0.23
2017-04-12,29059,29021,29200,28970,90,-0.54
2017-05-01,28890,28269,28925,28183,230,2.87
2017-05-04,28617,28803,29019,28535,330,-1.18
2017-05-05,28184,28136,28382,28135,60,0.44
2017-05-06,29111,29045,29180,29045,710,0.56
2017-05-07,28051,28120,28155,27845,900,0.03
2017-05-09,30226,30389,30421,30010,190,0.17
2017-05-10,29412,29469,29469,29361,60,0.28
2017-05-12,28893,29095,29170,28865,50,-0.57
2017-06-01,27960,28001,28099,27870,12120,-3.22
2017-06-02,29202,28965,29224,28965,10160,0.12
2017-06-03,28979,29100,29218,28960,10370,-1.57
2017-06-04,28697,28878,28991,28675,8810,0.28
2017-06-06,29481,29220,29499,29216,11140,1.27
2017-06-07,28143,28200,28237,28111,10570,0.33
2017-06-09,30088,30200,30298,30055,12400,-0.46
2017-06-10,29510,29325,29540,29274,11300,0.33
2017-06-11,29363,29130,29388,29130,7660,0.59
2017-06-12,28972,28950,29039,28922,6380,0.27
2017-07-02,29348,29250,29370,29215,11600,0.5
2017-07-03,28791,28969,28979,28765,10090,-0.65
2017-07-04,28650,28750,28989,28607,13730,-0.16
2017-07-06,29376,29439,29485,29310,9820,-0.36
2017-07-07,27812,28101,28140,27754,16370,-1.18
2017-07-08,28419,28332,28437,28320,3950,0.16
2017-07-09,30287,30050,30348,30010,14460,0.66
2017-07-11,29457,29349,29490,29333,8210,0.32
2017-07-12,28670,28932,28932,28653,7380,-1.04
2017-08-02,29371,29325,29445,29258,10850,0.08
2017-08-03,28660,28799,28806,28622,9370,-0.46
2017-08-05,28119,28145,28255,28097,7850,-0.23
2017-08-06,29049,29319,29345,28951,12950,-1.11
2017-08-08,28357,28416,28497,28283,7400,-0.22
2017-08-09,30271,30350,30470,30221,13380,-0.05
2017-08-11,29562,29451,29600,29438,7900,0.36
2017-08-12,28588,28650,28650,28500,8420,-0.29
2017-09-01,28124,28080,28150,27903,9480,0.59
2017-09-02,29115,29349,29419,29080,12950,-0.87
2017-09-03,28491,28610,28639,28440,10850,-0.59
2017-09-05,27981,28125,28192,27947,10100,-0.49
2017-09-06,28938,29001,29009,28836,8980,-0.38
2017-09-08,28800,28415,28821,28415,11580,1.56
2017-09-10,29670,29540,29718,29540,6170,0.54
2017-09-11,29670,29530,29689,29466,9360,0.37
2017-10-01,28210,28132,28326,28083,11750,0.31
2017-10-02,29195,29050,29222,28875,11840,0.27
2017-10-03,28417,28420,28523,28305,11570,-0.26
2017-10-04,28699,28651,28765,28560,7970,0.17
2017-10-05,28007,28060,28146,27981,9280,0.09
2017-10-07,27840,27835,27887,27620,13130,0.1
2017-10-08,29130,28845,29173,28845,12400,1.15
2017-10-10,29768,29700,29798,29700,6980,0.33
2017-10-11,29508,29640,29700,29468,9680,-0.55
2017-11-01,28353,28234,28399,28155,13180,0.51
2017-11-04,29149,28750,29183,28725,13440,1.57
2017-11-05,28022,27995,28100,27945,9720,0.05
2017-11-07,27871,27805,27929,27702,11020,0.11
2017-11-08,29158,29147,29300,29032,11320,0.1
2017-11-09,29942,30187,30187,29888,12580,-1.09
2017-11-10,29659,29717,29770,29638,5430,-0.37
2017-11-12,28429,28550,28573,28412,5920,-0.56
2017-12-01,28463,28398,28565,28392,12930,0.39
2017-12-04,29189,29150,29265,29132,9960,0.14
2017-12-05,28019,28088,28195,27985,9480,-0.01
2017-12-06,28917,28905,28971,28851,7770,-0.07
2017-12-07,27889,27919,28033,27840,10470,0.06
2017-12-09,29953,29910,29977,29830,9390,0.04
2017-12-10,29756,29725,29840,29692,6880,0.33
2017-12-12,28318,28432,28475,28271,7580,-0.39
2018-01-01,29324,29332,29385,29275,1580,-0.16
2018-01-02,30512,30125,30550,30050,1810,1.49
2018-01-03,30181,30307,30372,30111,1470,-0.8
2018-01-05,30874,30855,30917,30735,860,-0.24
2018-01-06,30568,30796,30839,30458,2070,-1.02
2018-01-08,29462,29591,29670,29441,2140,-0.59
2018-01-10,30614,30399,30660,30376,2220,0.44
2018-01-11,31783,31671,31818,31619,1580,0.48
2018-02-01,29392,29332,29463,29332,1700,0.23
2018-02-02,30399,30780,30817,30200,660,-0.37
2018-02-03,30473,30445,30575,30400,150,0.97
2018-02-04,30961,30580,31080,30510,1380,1.76
2018-02-05,30926,31020,31350,30860,500,0.17
2018-02-07,30153,30380,30412,30000,2260,-0.69
2018-02-08,29520,29532,29638,29477,920,0.2
2018-02-11,31737,31737,31999,31530,540,-0.14
2018-03-01,29481,29385,29492,29385,190,0.3
2018-03-04,30625,30893,30893,30552,330,-1.09
2018-03-05,31003,30925,31146,30861,210,0.25
2018-03-07,30469,30185,30600,30100,190,1.05
2018-03-08,29800,29520,29900,29425,110,0.95
2018-03-09,30327,30075,30448,30062,1440,0.7
2018-03-10,31025,30890,31168,30889,190,1.34
2018-03-12,30787,30322,30850,30257,1600,1.99
2018-04-01,29472,29365,29475,29276,200,-0.03
2018-04-04,30886,30660,30972,30600,70,0.85
2018-04-05,31068,30907,31154,30907,130,0.21
2018-04-06,30708,30650,30812,30580,340,0.46
2018-04-07,30510,30463,30550,30463,40,0.13
2018-04-09,30221,30238,30300,30154,170,-0.35
2018-04-10,31136,31072,31164,31015,40,0.36
2018-04-12,30964,30874,31085,30874,80,0.57
2018-05-01,29465,29500,29550,29440,190,-0.02
2018-05-02,30286,30385,30498,30008,190,-0.37
2018-05-03,30429,30400,30535,30310,180,-0.14
2018-05-04,30505,31500,31500,30450,60,-1.23
2018-05-06,30699,30673,30935,30656,80,-0.03
2018-05-07,30541,30600,30640,30495,20,0.1
2018-05-09,30310,30257,30494,30250,50,0.29
2018-05-10,31233,31101,31288,30985,70,0.31
2018-05-11,31783,31785,31898,31630,180,0.14
2018-05-12,30926,30830,30970,30825,40,-0.12
2018-06-02,30182,30320,30650,30160,12070,-0.34
2018-06-03,30568,30400,30669,30365,10810,0.46
2018-06-04,30605,30571,30650,30413,13420,0.33
2018-06-06,30755,30876,30913,30720,6330,0.18
2018-06-07,30582,30650,30740,30570,4840,0.13
2018-06-08,29563,29656,29656,29538,4019,-0.8
2018-06-09,30565,30366,30693,30366,14800,0.84
2018-06-11,31657,31718,31869,31641,9160,-0.4
2018-06-12,31005,31039,31196,30974,10550,0.26
2018-07-02,29976,30219,30259,29950,8730,-0.68
2018-07-03,30461,30620,30639,30404,10100,-0.35
2018-07-05,31247,31125,31300,31125,6160,0.58
2018-07-06,31055,30820,31075,30789,8210,0.98
2018-07-08,29534,29604,29668,29520,5980,-0.1
2018-07-09,30509,30643,30643,30405,9440,-0.18
2018-07-11,31602,31660,31678,31530,1800,-0.17
2018-07-12,31440,31011,31480,30941,11240,1.4
2018-08-01,29270,29235,29290,29176,5900,-0.66
2018-08-02,30103,29905,30147,29783,11100,0.42
2018-08-03,30436,30491,30533,30390,7750,-0.08
2018-08-05,31200,31220,31238,31075,8690,-0.15
2018-08-06,31076,31011,31196,30950,8180,0.07
2018-08-08,29544,29560,29630,29500,6450,0.03
2018-08-10,31096,31369,31389,31083,9960,-0.44
2018-08-11,31408,31551,31551,31234,6110,-0.61
2018-09-01,29173,29265,29278,29153,5420,-0.33
2018-09-02,29999,30060,30110,29889,9200,-0.35
2018-09-03,30408,30413,30474,30290,10960,-0.09
2018-09-04,30675,30600,30693,30556,7600,0.23
2018-09-05,31303,31219,31364,31156,9930,0.33
2018-09-07,30638,30613,30788,30613,7260,0.18
2018-09-08,29605,29565,29665,29529,5580,0.21
2018-09-10,31161,31200,31275,31115,7310,0.21
2018-09-11,31023,31302,31383,30965,10710,-1.23
2018-10-01,29343,29155,29444,29123,10830,0.58
2018-10-04,30798,30613,30819,30585,8760,0.4
2018-10-05,31352,31338,31470,31231,10730,0.16
2018-10-07,30551,30663,30679,30436,7520,-0.28
2018-10-08,29706,29625,29744,29540,7310,0.34
2018-10-09,30725,30549,30748,30526,11420,0.71
2018-10-10,31247,31235,31265,31151,6580,0.28
2018-10-12,31895,31459,31966,31420,14090,1.45
2018-11-01,29404,29338,29420,29315,5810,0.21
2018-11-04,31244,30820,31422,30820,18120,1.45
2018-11-05,31500,31340,31545,31340,8840,0.47
2018-11-06,31035,31070,31083,30920,7520,-0.13
2018-11-07,30344,30502,30545,30325,6020,-0.68
2018-11-09,30732,30660,30744,30559,11400,0.02
2018-11-10,31793,31300,31815,31250,17380,1.75
2018-11-12,31812,31850,31850,31618,10530,-0.26
2018-12-01,29553,29425,29590,29425,9230,0.51
2018-12-02,30133,30102,30175,30017,6400,0.45
2018-12-03,30340,30380,30432,30284,7370,-0.22
2018-12-04,30897,31176,31217,30857,13210,-1.11
2018-12-06,30952,31001,31001,30873,6950,-0.27
2018-12-07,30175,30315,30315,30161,7750,-0.56
2018-12-09,30664,30682,30779,30443,15880,-0.22
2018-12-10,31670,31699,31720,31574,10610,-0.39
2018-12-11,31014,31106,31178,30975,7770,-0.03
2018-12-12,31626,31749,31749,31582,7570,-0.58
2019-01-01,31560,31550,31651,31410,680,0.23
2019-01-02,33405,33119,33500,32997,3120,0.92
2019-01-03,32533,32857,32953,31915,1560,-1.12
2019-01-04,31570,31588,31730,31542,4520,-0.42
2019-01-05,31563,31604,31657,31503,1550,-0.2
2019-01-07,33348,33777,33777,33210,3840,-1.76
2019-01-08,35134,34520,35500,34430,2710,1.21
2019-01-10,37377,36979,37507,36750,3670,1.37
2019-01-11,38652,38759,38800,38518,720,-0.49
2019-02-01,31934,31530,32500,31510,400,1.19
2019-02-04,31535,31550,31590,31359,390,-0.11
2019-02-05,31203,31420,31425,31160,480,-1.14
2019-02-07,33779,33530,33804,33507,350,1.29
2019-02-08,35705,35200,35840,35100,820,1.63
2019-02-09,38708,38520,38800,38400,2320,1.07
2019-02-12,37915,38240,38240,37715,890,-0.12
2019-03-01,31939,32000,32045,31836,170,0.02
2019-03-04,31450,31499,31607,31318,170,-0.27
2019-03-05,31341,31250,31500,31163,80,0.44
2019-03-06,32405,32147,32499,32113,1290,0.85
2019-03-07,34077,33801,34750,33801,190,0.88
2019-03-09,39314,38852,39431,38634,1200,1.57
2019-03-10,38012,37583,38215,37583,380,1.7
2019-03-12,38267,37874,38400,37840,150,0.93
2019-04-01,31679,32686,32686,31460,60,-0.81
2019-04-02,33455,34247,34400,33285,420,0.15
2019-04-03,32505,32394,32601,32315,150,-0.09
2019-04-04,31503,31499,31549,31350,70,0.17
2019-04-06,32465,32500,32800,32300,120,0.19
2019-04-07,34023,34199,34300,33911,180,-0.16
2019-04-09,39337,39337,39490,38981,1850,0.06
2019-04-10,38002,37948,38215,37879,150,-0.03
2019-04-11,38734,39500,39500,38645,180,0.21
2019-04-12,38188,38563,38563,38081,50,-0.21
2019-05-02,33381,33549,33549,33250,130,-0.22
2019-05-03,32015,33435,33440,32000,240,-1.51
2019-05-04,31566,31535,31620,31400,60,0.2
2019-05-06,32607,32540,32866,32540,11500,0.44
2019-05-07,34370,34395,35037,33900,40,1.02
2019-05-08,36711,36412,36775,36240,290,2.82
2019-05-09,38504,39198,39370,38353,630,-2.12
2019-05-11,38458,38839,39049,38300,170,-0.71
2019-05-12,38095,38245,38245,37800,30,-0.24
2019-06-02,33222,33199,33378,33175,7270,-0.48
2019-06-03,31954,32136,32300,31885,16710,-0.19
2019-06-05,31578,31495,31659,31495,12070,0.76
2019-06-06,32734,32631,32760,32631,10040,0.39
2019-06-08,37182,37003,37207,36621,27320,1.28
2019-06-09,38551,38821,38962,38385,40450,0.12
2019-06-11,38239,37980,38273,37957,20310,-0.57
2019-06-12,37748,38087,38170,37711,16890,-0.91
2019-07-01,31652,31536,31748,31456,12800,-0.09
2019-07-02,33056,33169,33200,32951,10600,-0.5
2019-07-03,31946,31959,31980,31800,14750,-0.03
2019-07-05,31739,31600,31758,31542,12370,0.51
2019-07-06,32867,32641,32944,32610,18520,0.41
2019-07-08,37899,37250,38125,37250,44110,1.93
2019-07-10,37978,38225,38302,37765,15800,-0.06
2019-07-11,37595,38188,38245,37536,27880,-1.68
2019-08-01,31736,31616,31758,31572,10840,0.27
2019-08-02,33125,33000,33142,32910,9430,0.21
2019-08-03,32174,31980,32235,31955,16620,0.71
2019-08-04,32076,31795,32155,31795,12900,1.62
2019-08-05,31697,31740,31930,31676,16670,-0.13
2019-08-07,34535,34550,34759,34475,23910,0.48
2019-08-08,37311,37899,37899,37175,33790,-1.55
2019-08-10,38242,38179,38400,38179,10520,0.7
2019-08-11,37705,37655,37880,37488,27500,0.29
2019-09-01,31993,31685,32016,31639,14630,0.81
2019-09-04,32098,32131,32171,32020,11010,0.07
2019-09-05,31926,31749,32049,31719,18690,0.72
2019-09-07,34533,34499,34581,34300,25570,-0.01
2019-09-08,37558,37419,37684,37355,22870,0.66
2019-09-09,38459,38578,39699,38265,31730,-0.24
2019-09-10,38384,38279,38418,38154,20030,0.37
2019-09-12,37638,37774,37774,37610,9220,-0.29
2019-10-01,31878,32090,32119,31855,13330,-0.36
2019-10-04,32174,32070,32197,31968,11740,0.24
2019-10-05,31917,31895,32004,31790,15880,-0.03
2019-10-06,32611,32800,32800,32585,9620,-0.78
2019-10-07,34765,34469,34806,34332,31360,0.67
2019-10-09,38248,38382,38487,38200,18610,-0.55
2019-10-10,38120,38400,38434,38030,20640,-0.69
2019-10-12,37604,37604,37728,37550,12400,-0.09
2019-11-01,31924,31907,32065,31888,10560,0.14
2019-11-02,32931,33060,33082,32811,11150,-0.59
2019-11-03,31915,32214,32214,31897,12410,-0.8
2019-11-04,31663,32148,32148,31638,17110,-1.59
2019-11-06,32576,32640,32662,32431,10980,-0.11
2019-11-07,34612,34800,34995,34591,34610,-0.44
2019-11-09,37965,38200,38260,37931,27740,-0.74
2019-11-10,37839,38050,38263,37736,27080,-0.74
2019-11-11,37688,37710,37850,37532,17280,-0.05
2019-11-12,37693,37602,37741,37554,10900,0.24
2019-12-02,32747,32915,32945,32721,9360,-0.56
2019-12-03,32015,31906,32056,31885,12060,0.31
2019-12-04,31760,31721,31871,31705,11010,0.31
2019-12-06,32685,32617,32776,32617,11390,0.33
2019-12-07,34812,34698,34862,34611,23110,0.58
2019-12-08,37812,37620,37909,37620,9180,0.68
2019-12-09,37747,37900,38215,37662,41660,-0.57
2019-12-11,37740,37650,37800,37542,12900,0.14
2019-12-12,37559,37749,38044,37500,22610,-0.36
2020-01-01,38938,38980,39067,38900,120,-0.16
2020-01-02,41099,41249,41315,40901,7330,0.21
2020-01-04,43578,42854,43645,42800,50,0.82
2020-01-05,45251,44703,45380,44441,310,1.35
2020-01-06,47018,46900,47299,46702,2009,0.34
2020-01-07,48400,48986,49020,48251,330,-0.94
2020-01-09,51017,51533,51708,50966,1490,-0.16
2020-01-10,50345,50299,50465,50169,110,0.22
2020-01-12,48641,48200,48937,47809,360,1.55
2020-02-01,39220,38953,39685,38905,250,0.72
2020-02-03,42017,43014,43014,41689,310,0.61
2020-02-06,46796,47090,47375,46753,220,-0.47
2020-02-07,48437,48340,48529,47970,90,0.08
2020-02-09,50577,51035,51160,50500,100,-0.86
2020-02-11,51032,50715,51068,50582,700,0.77
2020-02-12,48959,48630,49080,48377,380,0.65
2020-03-01,39925,39520,40002,39486,210,1.8
2020-03-02,40633,41178,41178,40590,190,-1.13
2020-03-03,43100,42050,43277,41960,70,2.58
2020-03-04,44298,44190,44400,43860,80,1.65
2020-03-06,46203,46750,46851,46150,180,-1.27
2020-03-07,48336,49304,49304,48100,70,-0.21
2020-03-08,53927,53988,53988,53600,150,0.64
2020-03-09,50768,50755,51022,50502,350,0.38
2020-03-11,51509,51029,51572,50737,320,0.93
2020-03-12,49061,49210,49334,48881,650,0.21
2020-04-02,40056,40618,40839,39750,100,-1.42
2020-04-03,43235,43100,43649,43006,90,0.31
2020-04-05,45762,45403,46090,45349,490,1.13
2020-04-06,46781,46399,47125,46235,80,1.25
2020-04-08,54784,54094,54950,53641,110,1.59
2020-04-09,50728,50980,50980,50501,140,-0.08
2020-04-11,50829,51375,51455,50790,930,-1.32
2020-04-12,49322,49054,49606,47651,110,0.53
2020-05-02,40213,40690,40700,40100,40,0.39
2020-05-03,43874,43050,44255,43050,370,1.48
2020-05-05,45539,45400,45590,44768,230,-0.49
2020-05-06,46346,46750,46805,46100,60,-0.93
2020-05-08,55597,54900,55949,54701,40,1.48
2020-05-10,50809,50001,50871,50001,140,0.92
2020-05-11,51901,51115,52079,51035,380,2.11
2020-06-01,40448,40250,41049,40250,33170,1.31
2020-06-02,40287,40043,40345,39972,15610,0.18
2020-06-03,44098,44200,44881,43407,76250,0.51
2020-06-05,45387,45700,45850,45330,37990,-0.33
2020-06-07,48247,47976,48300,47830,36250,-0.18
2020-06-08,56117,55405,56199,55400,45660,0.94
2020-06-10,50617,50637,51058,50527,29170,-0.38
2020-06-11,52190,51900,52490,51762,36600,0.56
2020-07-01,40635,40280,40666,40181,27470,0.46
2020-07-02,40563,40345,40633,40232,19970,0.69
2020-07-04,45043,44000,46299,44000,20590,1.68
2020-07-05,46147,45450,46222,45355,40800,1.67
2020-07-07,48796,48200,48829,48110,44010,1.14
2020-07-08,55018,56351,56499,54925,53590,-1.96
2020-07-09,51149,50855,51284,50789,21050,0.83
2020-07-10,50133,50346,50437,49910,34580,-0.96
2020-07-12,49923,49376,49991,48867,31170,1.22
2020-08-01,40078,40792,41270,39893,47710,-1.37
2020-08-04,44944,44762,45000,44650,12640,-0.22
2020-08-05,45820,46050,46343,45751,53030,-0.71
2020-08-06,46110,45800,46175,45772,39330,-0.51
2020-08-07,49160,48701,49317,48635,42550,0.75
2020-08-09,51433,51000,51498,50714,44490,0.56
2020-08-10,50239,50115,50470,50000,29790,0.21
2020-08-12,50049,50100,50122,49710,26650,0.25
2020-09-01,39806,40165,40165,39594,27520,-0.68
2020-09-03,44308,44200,44740,43829,61170,0.48
2020-09-04,45279,44970,45330,44802,13160,0.75
2020-09-06,46595,46070,46666,45962,41710,1.05
2020-09-07,48896,49095,49298,48780,46250,-0.54
2020-09-09,51486,51250,51536,50968,33440,0.1
2020-09-10,50872,50400,50988,50400,30470,1.26
2020-09-11,49795,52300,52530,49526,68550,-4.59
2020-09-12,49256,49961,49961,49124,32650,-1.58
2020-10-01,39849,39721,39888,39550,26620,0.11
2020-10-02,40607,40533,40635,40451,13040,0.11
2020-10-03,43694,44280,44280,43511,23910,-1.39
2020-10-06,46629,46614,46923,46502,34600,0.07
2020-10-07,48883,48900,49217,48731,38450,-0.03
2020-10-08,55243,54900,55660,54900,35600,0.41
2020-10-09,51832,51426,51889,51315,33930,0.67
2020-10-11,50561,50150,50665,50150,36310,1.54
2020-10-12,49081,49256,49470,48968,27640,-0.36
2020-11-02,40353,40510,40510,40243,17790,-0.63
2020-11-03,43334,43690,43838,43270,35130,-0.82
2020-11-05,45785,45842,45980,45609,39590,-0.08
2020-11-06,47405,46767,47630,46767,53470,1.66
2020-11-08,52144,55150,55150,51929,80850,-5.61
2020-11-09,51393,51557,51739,51305,29230,-0.85
2020-11-11,50230,50542,50580,50010,31070,-0.65
2020-11-12,49306,49102,49395,48903,26230,0.46
2020-12-02,40427,40352,40464,40251,14130,0.18
2020-12-03,42217,43311,43615,41601,75050,-2.58
2020-12-05,45635,45821,45970,45551,37850,-0.33
2020-12-06,47325,47400,47493,47073,40800,-0.17
2020-12-08,52505,50680,52840,50026,92180,0.69
2020-12-10,51166,51000,51238,50984,21900,0.58
2020-12-11,50652,50352,50847,50272,27720,0.84
2021-01-01,50081,50123,50202,50003,50,0.0
2021-01-02,48424,49298,49438,47425,3140,-1.4
2021-01-03,45021,46187,46188,44910,5190,-1.2
2021-01-04,44957,44500,45002,44500,150,1.21
2021-01-06,48935,48975,49210,48800,890,0.26
2021-01-07,46985,46882,47999,46837,120,0.36
2021-01-09,47093,47060,47599,46964,60,0.07
2021-01-10,46315,46303,46360,46125,190,0.2
2021-01-11,47692,47649,47850,47510,100,0.4
2021-01-12,47525,47488,47625,47429,30,0.18
2021-02-02,47752,48344,48344,47531,380,-1.39
2021-02-03,45224,44945,45431,44873,320,0.45
2021-02-06,49108,48963,49145,48948,80,0.35
2021-02-07,47286,47200,47553,47200,200,0.64
2021-02-08,47937,48094,48172,47720,170,0.08
2021-02-09,47048,47142,47243,46929,20,-0.1
2021-02-11,47683,47866,47939,47600,20,-0.02
2021-02-12,47307,47450,47465,47150,280,-0.46
2021-03-02,47703,47890,47925,47639,190,-0.1
2021-03-03,44721,45267,45267,44472,30,-1.11
2021-03-05,46963,46849,47000,46618,120,1.15
2021-03-06,48293,49309,49309,48213,150,-1.66
2021-03-08,47854,47820,48168,47760,70,-0.17
2021-03-09,47342,47299,47500,47295,10,0.62
2021-03-11,46961,47550,47550,46839,40,-1.51
2021-03-12,47425,47280,47427,47243,60,0.25
2021-04-01,51349,50715,51493,50654,150,2.53
2021-04-02,46695,47050,47575,46501,140,-2.11
2021-04-03,44581,44686,44686,44370,10,-0.31
2021-04-05,46782,46890,46943,46500,30,-0.39
2021-04-06,48650,48321,48765,48200,220,0.74
2021-04-08,47872,47950,48300,47739,40,0.04
2021-04-10,46618,46299,46640,46209,50,0.65
2021-04-11,47559,47147,47592,47147,5710,1.27
2021-05-01,51456,51334,51549,51202,150,0.21
2021-05-02,46978,46602,47100,46601,30,0.61
2021-05-03,44442,44279,44499,44188,50,-0.31
2021-05-04,44985,44918,45050,44805,310,0.06
2021-05-05,46591,46680,46692,46500,50,-0.41
2021-05-07,47567,47800,48704,47075,30,0.59
2021-05-08,47959,47870,48199,47790,30,0.18
2021-05-10,46459,46556,46557,46345,20,-0.34
2021-05-11,47959,47520,47990,47315,13760,0.84
2021-06-01,50545,51564,51857,50468,47140,-1.77
2021-06-04,45685,45257,45730,45250,17870,1.56
2021-06-05,47536,47019,47573,46980,29120,2.03
2021-06-07,47694,47418,47971,47418,22960,0.27
2021-06-08,46682,47550,47571,46621,23200,-2.66
2021-06-09,47450,47534,47534,47402,5740,0.23
2021-06-10,46781,46550,46874,46451,14920,0.69
2021-06-12,47787,47800,47882,47711,8500,0.76
2021-07-01,50918,50632,51045,50632,28490,0.74
2021-07-04,46128,45600,46180,45518,21450,0.97
2021-07-05,47719,47540,47990,47512,31360,0.38
2021-07-06,48911,48767,48936,48590,10910,0.54
2021-07-07,47887,47779,47963,47669,13920,0.4
2021-07-09,46989,47469,47469,46910,16580,-0.97
2021-07-10,46737,46747,46869,46612,11490,-0.09
2021-07-12,47922,47840,48030,47594,12770,0.28
2021-08-01,49035,50818,50824,48855,58390,-3.7
2021-08-02,47726,47147,47828,47064,29170,1.59
2021-08-03,44233,44720,44775,44163,29840,-0.47
2021-08-04,46576,46041,46620,46015,21420,0.97
2021-08-06,48908,48882,49120,48732,15280,-0.01
2021-08-07,47735,47814,48244,47650,25700,-0.32
2021-08-09,47072,47047,47170,46800,12500,0.18
2021-08-10,46922,46740,47225,46702,19610,0.4
2021-08-11,48025,48000,48144,47821,14860,0.14
2021-08-12,47900,47995,48125,47830,10880,-0.05
2021-09-02,47818,47850,48061,47651,27330,0.19
2021-09-03,44844,44299,44918,44280,29790,1.38
2021-09-04,46344,46458,46674,46085,21980,-0.5
2021-09-06,48904,48911,49036,48827,10270,-0.01
2021-09-07,47898,47798,47922,47621,15170,0.34
2021-09-08,45949,46600,46600,45860,21360,-1.57
2021-09-09,47021,46984,47128,46770,14580,-0.11
2021-09-11,48263,48034,48280,47981,15130,0.5
2021-09-12,47802,47900,48000,47723,9800,-0.2
2021-10-02,47863,47930,48136,47711,27630,0.09
2021-10-03,44774,44750,44920,44636,22090,-0.16
2021-10-05,47925,47849,48083,47726,21580,0.43
2021-10-06,48975,48829,49015,48502,20510,0.15
2021-10-08,45936,46089,46148,45708,16300,-0.03
2021-10-09,46858,46987,47030,46810,6110,-0.35
2021-10-11,48857,48250,49244,48166,27480,1.23
2021-10-12,47993,47831,48088,47723,11580,0.4
2021-11-01,49386,48835,49435,48578,34630,0.72
2021-11-02,47377,47742,47950,47333,24860,-1.02
2021-11-03,44876,44950,45135,44785,15840,0.23
2021-11-05,47625,47906,47986,47351,29710,-0.63
2021-11-06,48717,49016,49145,48681,17040,-0.53
2021-11-08,46351,46029,46396,45915,15300,0.9
2021-11-10,46941,46910,47090,46750,10000,0.04
2021-11-11,49208,48983,49349,48900,15050,0.72
2021-12-01,49098,49333,49620,49000,28650,-0.58
2021-12-02,47169,47670,47670,47012,30720,-0.44
2021-12-03,44737,44740,44779,44310,32180,-0.31
2021-12-04,46188,46333,46514,46162,18010,-0.34
2021-12-05,47491,47555,47838,47400,25670,-0.28
2021-12-07,47768,47750,47849,47503,17040,-0.27
2021-12-08,46335,46288,46518,46160,12510,-0.03
2021-12-10,47097,47025,47280,46941,14250,0.33
2021-12-11,49277,49087,49300,48872,16510,0.14
2022-01-02,47966,48509,48509,47501,450,0.26
2022-01-03,51565,51168,51696,50843,500,2.05
2022-01-04,51264,51531,51605,51200,200,-0.71
2022-01-06,50504,50650,50849,50317,150,-0.82
2022-01-07,52227,51520,53675,51188,150,2.97
2022-01-08,51260,51899,51899,51023,1350,-0.2
2022-01-09,50169,50280,50351,49990,150,-0.69
2022-01-11,50250,50094,50450,50093,190,0.36
2022-01-12,53339,52768,53593,52723,280,1.73
2022-02-02,48049,48151,48151,47915,630,0.17
2022-02-03,51133,51684,51811,51020,220,-0.84
2022-02-05,50831,51201,51920,50575,690,-1.89
2022-02-06,51078,50900,51296,50900,10,1.14
2022-02-08,51274,51438,51527,51100,230,0.03
2022-02-09,50313,50275,50390,50275,0,0.29
2022-02-11,50414,50376,50740,50346,350,0.33
2022-02-12,53346,53246,53544,53130,140,0.01
2022-03-01,47473,47940,48100,47327,210,-1.09
2022-03-02,47884,47980,48070,47500,70,-0.34
2022-03-03,51569,51351,51725,51250,40,0.85
2022-03-05,51022,52300,52300,50660,80,0.38
2022-03-06,51287,52030,52030,51030,40,0.41
2022-03-08,51216,51250,51375,51137,70,-0.11
2022-03-10,50245,50120,50550,50088,10,0.43
2022-03-11,49876,50185,50217,49815,50,-1.07
2022-04-01,47763,47730,47842,47402,80,0.61
2022-04-02,48081,48009,48900,47953,30,0.41
2022-04-03,52274,51752,52448,51366,120,1.37
2022-04-04,51229,51209,51306,50950,190,-0.07
2022-04-05,50836,50882,50970,50804,30,-0.36
2022-04-07,51808,52597,52597,51421,130,-0.8
2022-04-08,51802,51713,51903,51713,10,1.14
2022-04-10,51127,50801,51698,50800,10,1.76
2022-04-11,50615,50048,50650,50048,110,1.48
2022-05-01,47974,47924,48099,47872,90,0.44
2022-05-04,51619,51300,52200,51127,340,0.76
2022-05-05,51653,51699,51900,51240,10,1.61
2022-05-07,52238,52766,52766,51999,20,0.83
2022-05-08,51641,51935,51965,51525,60,-0.31
2022-05-09,50604,50900,50900,50300,0,0.58
2022-05-10,51361,51263,51390,51115,6570,0.46
2022-05-12,53300,53646,53735,53000,160,-0.09
2022-06-01,47499,48030,48030,47450,18240,-0.99
2022-06-04,51433,51339,51645,51158,13160,-0.36
2022-06-05,51381,50953,51543,50953,14580,-0.53
2022-06-06,50871,51087,51120,50820,7550,-0.81
2022-06-07,50581,51448,51595,50515,18620,-3.17
2022-06-09,50354,50610,50774,50323,8520,-0.49
2022-06-10,51711,51500,51799,51500,12580,0.68
2022-06-12,53446,53500,53598,53256,6840,0.27
2022-07-01,47481,47501,47570,47300,12490,-0.04
2022-07-02,48168,47950,48181,47925,7880,0.18
2022-07-03,53461,52558,53938,52558,32759,2.27
2022-07-04,51681,51450,51760,51398,9940,0.48
2022-07-06,50929,50822,51030,50680,9200,0.11
2022-07-07,50691,50741,50909,50607,9490,0.22
2022-07-09,50570,50310,50596,50068,10290,0.43
2022-07-10,51716,51678,51872,51421,14320,0.01
2022-07-11,50901,50717,51029,50717,9680,0.57
2022-07-12,53665,53444,53715,53401,6290,0.41
2022-08-02,48345,48185,48394,48106,7950,0.37
2022-08-03,54146,53467,55428,53340,51930,1.28
2022-08-04,51854,51622,51969,51515,12000,0.33
2022-08-06,51036,50865,51103,50835,7540,0.21
2022-08-07,50832,50710,51030,50411,12500,0.28
2022-08-08,52183,51902,52231,51734,8690,1.05
2022-08-09,50429,50546,50825,50281,11950,-0.28
2022-08-11,51581,50752,51648,50615,15490,1.34
2022-08-12,53741,53646,53866,53614,5370,0.14
2022-09-02,48575,48396,48600,48327,9230,0.48
2022-09-03,52724,54663,55000,52589,48040,-2.63
2022-09-05,51026,51395,51416,50975,12930,-0.69
2022-09-06,50971,51047,51095,50805,8080,-0.13
2022-09-08,52383,52274,52479,52184,4660,0.38
2022-09-09,50592,50545,50783,50435,11780,0.32
2022-09-11,51474,51568,51680,51315,11720,-0.21
2022-09-12,53950,53860,54085,53704,8680,0.39
2022-10-01,47471,47400,47523,47333,11650,-0.02
2022-10-02,48867,48550,48936,48400,10510,0.6
2022-10-03,53183,52680,53439,52410,33010,0.87
2022-10-05,50662,51052,51150,50584,13110,-0.71
2022-10-06,51645,50893,51725,50460,23680,1.32
2022-10-08,52184,52350,52485,52105,10090,-0.38
2022-10-10,50871,51453,51453,50763,15000,-1.63
2022-10-11,52033,51469,52139,51469,15540,1.09
2022-11-01,47694,47550,47712,47492,9950,0.47
2022-11-02,49024,48694,49048,48560,9900,0.32
2022-11-03,52828,53001,53148,52227,34030,-0.67
2022-11-04,51985,51999,52521,51840,15750,0.25
2022-11-05,50862,50575,50920,50365,14930,0.39
2022-11-07,50709,50790,50916,50675,7130,-0.24
2022-11-08,52246,52065,52400,51903,9130,0.12
2022-11-10,50874,50800,50980,50548,11160,0.01
2022-11-11,52275,52033,52451,52002,13180,0.47
2022-12-01,47802,47650,47848,47643,9530,0.23
2022-12-04,52656,52100,52764,52100,15370,1.29
2022-12-05,50249,50877,51057,50200,14270,-1.21
2022-12-07,50532,50755,50825,50512,10230,-0.35
2022-12-08,52456,52280,52480,52195,7620,0.4
2022-12-09,50696,50553,50844,50453,12830,0.21
2022-12-10,50713,50563,50805,50550,7650,-0.32
2022-12-12,53791,53802,53957,53721,5810,-0.29
2023-01-02,57599,56879,58100,56800,640,1.29
2023-01-03,56047,55990,56144,55799,110,0.6
2023-01-05,59979,60170,60449,59900,1490,-0.13
2023-01-06,60033,60100,60718,59696,350,-0.36
2023-01-08,59048,59528,59528,59029,780,-0.97
2023-01-09,59106,59082,59507,59051,400,-0.01
2023-01-11,60757,60729,61478,60621,200,-0.2
2023-01-12,62876,62634,62993,62409,210,0.38
2023-02-01,55016,54900,55029,54898,550,0.43
2023-02-02,57710,58299,58895,57700,210,0.19
2023-02-03,55915,55935,56050,55100,170,-0.24
2023-02-05,60787,60050,60861,59900,710,1.35
2023-02-06,59656,60449,60449,59601,60,-0.63
2023-02-08,59117,59241,59399,59041,130,0.12
2023-02-11,60805,60828,60845,60666,190,0.08
2023-03-01,55380,55419,55820,55264,1590,0.66
2023-03-02,57424,57962,57990,57202,90,-0.5
2023-03-03,55879,55999,56029,55710,60,-0.06
2023-03-04,59600,59750,59760,59031,290,0.48
2023-03-05,61073,60925,61146,60700,190,0.47
2023-03-07,58119,57979,58205,57830,70,0.17
2023-03-08,59078,59099,59860,58950,160,-0.07
2023-03-10,56385,56323,56490,56251,80,-1.18
2023-03-11,60829,60822,61590,60005,240,0.04
2023-04-01,55688,55600,55821,55555,450,0.56
2023-04-04,60435,59558,60625,59558,160,1.4
2023-04-05,61683,61374,61898,61150,180,1.0
2023-04-07,58194,58171,58239,58124,20,0.13
2023-04-08,59124,59074,59249,59037,20,0.08
2023-04-09,59385,59125,59540,59101,90,0.47
2023-04-10,56229,56280,56367,56205,140,-0.28
2023-04-12,62302,64342,64344,62254,180,-0.91
2023-05-01,55071,56107,56107,54997,740,-1.11
2023-05-04,60366,60599,60949,60100,350,-0.11
2023-05-05,60799,61899,61899,60200,110,-1.43
2023-05-06,59805,59588,60200,59200,40,0.25
2023-05-07,58308,58186,58450,58148,120,0.2
2023-05-09,59301,59550,59550,59150,30,-0.14
2023-05-10,56112,55913,56336,55913,320,-0.21
2023-05-12,62600,63303,63303,61941,80,0.48
2023-06-01,55628,55303,55700,55205,9170,1.01
2023-06-02,56926,56690,57076,56665,10030,-0.87
2023-06-03,55752,55605,55986,55605,6390,-0.23
2023-06-04,60276,60500,60580,60075,10850,-0.15
2023-06-06,59902,59773,59998,59701,8000,0.16
2023-06-07,58385,58469,58637,58150,13960,0.13
2023-06-09,59111,59208,59310,59021,6940,-0.32
2023-06-10,56582,56486,56641,56160,11220,0.84
2023-06-11,60818,60851,60980,60750,7710,-0.02
2023-06-12,62269,62169,62419,62055,10640,-0.53
2023-07-02,57175,57000,57269,56888,9070,0.44
2023-07-03,55077,55655,55677,55050,7900,-1.21
2023-07-06,59511,59900,60025,59410,14680,-0.65
2023-07-07,58747,58396,58898,58313,13140,0.62
2023-07-08,59201,59325,59380,59135,8380,0.13
2023-07-09,59016,59124,59125,58981,4270,-0.16
2023-07-11,60365,60746,60746,60200,11600,-0.74
2023-07-12,62290,62205,62578,62088,9880,0.03
2023-08-02,57128,57188,57303,56930,7560,-0.08
2023-08-03,54955,55010,55140,54888,7210,-0.22
2023-08-05,60916,60750,61042,60750,9010,0.19
2023-08-06,59809,59550,59950,59410,14350,0.5
2023-08-08,58997,59161,59215,58950,9730,-0.34
2023-08-09,58905,59117,59200,58872,5870,-0.19
2023-08-11,60043,60401,60460,59979,11790,-0.53
2023-08-12,61597,62385,62386,61525,15530,-1.11
2023-09-01,55792,55952,56077,55721,8180,0.29
2023-09-02,56797,57117,57281,56690,9660,-0.58
2023-09-03,55272,54987,55395,54819,9130,0.58
2023-09-05,61359,60916,61390,60906,11890,0.73
2023-09-06,59777,59805,60040,59676,7820,-0.05
2023-09-08,58719,59051,59097,58702,9960,-0.47
2023-09-10,57268,56720,57300,56720,9880,1.21
2023-09-11,60271,59959,60339,59801,11150,0.38
2023-10-01,55642,55849,55879,55580,6970,-0.27
2023-10-02,56711,56740,56800,56465,10530,-0.15
2023-10-03,56101,55257,56147,55253,13840,1.5
2023-10-04,59867,60012,60200,59730,10300,-0.68
2023-10-05,61207,61265,61571,60957,16020,-0.25
2023-10-07,58635,58690,58720,58390,9830,-0.19
2023-10-08,58605,58680,58879,58508,7820,-0.19
2023-10-10,57364,57320,57450,57230,7420,0.17
2023-10-11,59697,60231,60247,59672,11820,-0.95
2023-11-01,55641,55655,55855,55472,7340,0.0
2023-11-04,60281,59980,60350,59961,9790,0.69
2023-11-05,60886,61228,61450,60801,18620,-0.52
2023-11-07,58737,58601,58840,58553,8870,0.17
2023-11-08,58629,58582,58741,58487,6650,0.04
2023-11-09,58941,58932,59120,58902,4160,0.06
2023-11-10,57636,57387,57742,57340,8000,0.47
2023-11-12,60986,61595,61636,60957,13740,-0.99
2023-12-01,55801,55700,55920,55550,8850,0.29
2023-12-04,60404,60390,60822,60151,14070,0.2
2023-12-05,60843,60849,61031,60532,14970,-0.07
2023-12-06,59595,59680,59850,59484,9120,-0.3
2023-12-07,59113,58790,59168,58688,13170,0.64
2023-12-09,58642,58999,58999,58576,8320,-0.51
2023-12-10,57613,57721,57900,57575,8260,-0.04
2023-12-11,59785,59600,59800,59600,1090,0.15
2023-12-12,60984,60711,61400,60711,11020,0.0
2024-01-01,63001,63035,63188,62893,2410,0.07
2024-01-02,63079,62900,63400,62430,160,0.34
2024-01-03,63135,62314,63190,62200,150,1.35
2024-01-04,68263,68211,69387,68000,3020,0.99
2024-01-05,71274,71130,71439,71005,210,0.43
2024-01-07,71329,71262,71560,71061,3460,0.08
2024-01-08,69412,68145,69849,68145,210,0.48
2024-01-10,75660,74867,75736,74850,640,1.09
2024-01-11,78829,78600,78887,78550,3200,0.64
2024-02-01,63039,63072,63338,62894,680,0.06
2024-02-02,62639,63360,63640,62453,230,-0.7
2024-02-04,68802,68550,69014,68500,610,0.79
2024-02-05,71119,71871,71871,70800,380,-0.22
2024-02-07,71357,71358,71575,71267,180,0.04
2024-02-08,69381,69783,70313,69043,580,-0.04
2024-02-09,71233,71126,71379,71026,1090,0.05
2024-02-12,75815,76100,76189,75587,1760,-0.88
2024-03-01,62294,63057,63122,62223,1250,-1.18
2024-03-04,69725,70379,70379,69000,420,1.34
2024-03-05,70998,71009,71275,70586,210,-0.17
2024-03-06,71818,72880,72880,71240,270,0.16
2024-03-07,72160,71524,72250,71496,180,1.13
2024-03-09,70807,71194,71365,70575,420,-0.6
2024-03-10,75827,76000,76250,75150,230,0.22
2024-03-12,75934,76095,76164,75828,180,0.16
2024-04-01,62444,62518,62555,62218,60,0.24
2024-04-03,63605,63153,64135,62620,90,0.74
2024-04-04,69612,69850,70200,69400,270,-0.16
2024-04-06,71782,72052,72300,71400,140,-0.05
2024-04-07,72151,72234,72244,72050,70,-0.01
2024-04-09,71053,71076,71105,70600,70,0.35
2024-04-10,75759,75889,76109,75377,330,-0.09
2024-04-11,78401,78450,78642,78226,13380,-0.54
2024-04-12,76036,76267,76373,75900,210,0.13
2024-05-01,62627,62465,62763,62250,80,0.29
2024-05-02,62542,63441,63441,62400,80,-0.15
2024-05-03,64193,64059,64541,64050,10,0.92
2024-05-04,70701,69560,71499,69455,120,1.56
2024-05-06,72485,71890,72599,71425,140,0.98
2024-05-07,73255,72225,76479,72201,70,1.53
2024-05-08,68641,69849,70000,67924,110,-1.07
2024-05-09,71890,71060,72510,71053,50,1.18
2024-05-11,78490,78246,78670,78157,12200,0.11
2024-05-12,76353,76265,76449,76195,50,0.42
2024-06-02,62322,62081,62367,62015,7330,-0.35
2024-06-03,65042,64659,65127,64559,13400,1.32
2024-06-05,71321,70690,71475,70690,16430,0.45
2024-06-06,72963,72540,73125,72516,13140,0.66
2024-06-08,68742,69200,69578,68533,15710,0.15
2024-06-09,71409,71932,72138,71230,27360,-0.67
2024-06-11,76689,78355,78570,76412,47170,-2.29
2024-06-12,76185,76141,76380,75894,14610,-0.22
2024-07-02,62305,62243,62462,62191,5660,-0.03
2024-07-03,65246,65150,65419,65055,13400,0.31
2024-07-05,71136,71339,71365,70967,9590,-0.26
2024-07-06,71308,73296,73333,71151,29730,-2.27
2024-07-08,68752,68617,69044,68521,11560,0.01
2024-07-10,75657,75671,75930,75452,12880,-0.13
2024-07-11,77386,76459,77427,76311,21890,0.91
2024-08-01,62140,62530,62536,61977,14950,-0.78
2024-08-02,62219,62255,62329,62005,7530,-0.14
2024-08-03,65847,65375,66120,65315,16030,0.92
2024-08-04,70607,70595,70776,70189,15270,-0.13
2024-08-05,71129,71170,71290,70900,11770,-0.01
2024-08-07,72332,72900,73040,72127,14590,-1.26
2024-08-08,69396,68949,69444,68608,14890,0.94
2024-08-10,74799,75523,75697,74481,23990,-1.13
2024-08-11,77248,77455,77589,77031,16020,-0.18
2024-09-01,62211,62211,62489,62152,9520,0.11
2024-09-02,62105,62249,62300,61966,6310,-0.18
2024-09-04,71130,70700,71448,70673,21010,0.74
2024-09-05,71586,71002,71656,70910,18150,0.64
2024-09-07,72385,72401,72606,72130,10680,0.07
2024-09-08,69604,69633,69698,69212,11110,0.3
2024-09-09,71573,71537,71640,71109,12550,0.23
2024-09-10,74512,74895,74936,74420,12360,-0.38
2024-09-12,76999,76261,77273,76160,21650,1.07
2024-10-01,62047,62240,62390,62010,8400,-0.26
2024-10-04,71127,71181,71479,70702,23200,0.0
2024-10-05,72595,71690,72751,71690,21550,1.41
2024-10-06,71303,71306,71380,70684,14550,-0.01
2024-10-07,72629,72491,72916,72466,11230,0.34
2024-10-09,71821,71601,71901,71530,13030,0.35
2024-10-10,74834,74639,74950,74267,11930,0.43
2024-10-12,77745,77135,77772,76920,20600,0.97
2024-11-01,61830,62102,62462,61775,13130,-0.35
2024-11-03,65872,66000,66026,65750,8450,0.04
2024-11-04,71514,71209,71549,70983,8890,0.54
2024-11-06,71346,71199,71550,70871,12030,0.06
2024-11-07,73205,72671,73230,72671,16520,0.79
2024-11-09,71878,71921,72147,71601,18960,0.08
2024-11-10,75738,75177,75827,75177,15840,1.21
2024-11-11,75382,77019,77019,75348,27620,-2.42
2024-11-12,78287,77899,78360,77590,30920,0.7
2024-12-01,62372,62098,62669,62098,15330,0.88
2024-12-02,61856,62079,62079,61735,9080,-0.4
2024-12-03,65334,65852,65867,65260,15980,-0.82
2024-12-04,71857,71774,73931,71721,41610,0.48
2024-12-06,71796,71400,71990,71290,16900,0.63
2024-12-07,73159,73040,73180,72850,10750,-0.06
2024-12-08,70354,69504,70388,69436,15900,1.08
2024-12-09,72681,71850,72723,71837,27820,1.12
2024-12-11,74918,75502,75588,74644,26010,-0.62
2024-12-12,77400,78050,78360,77130,25140,-1.13
2025-01-01,76214,76232,76302,76053,60,-0.02
2025-02-01,76849,76849,76849,76849,0,0.83
2025-03-01,76813,77246,78600,76613,60,-0.05
2025-06-01,77149,77309,77542,76545,27160,0.44
